"query_id","subject_id","percent_identity","alignment_length","mismatches","gap_opens","q_start","q_end","s_start","s_end","evalue","bit_score","file"
"F11G_B01_013","Mycobacterium marinum ITS1, isolate 131/03",87.826,115,11,3,55,166,64,178,8.76e-35,132,"F11G_B01_013_blast.txt"
"F11G_B01_013","Mycobacterium marinum ITS1, isolate 131/03",93.023,43,3,0,266,308,132,174,3.24e-14,63.9,"F11G_B01_013_blast.txt"
"F11G_B01_013","Mycobacterium marinum ITS1, isolate 9/04",87.826,115,11,3,55,166,64,178,8.76e-35,132,"F11G_B01_013_blast.txt"
"F11G_B01_013","Mycobacterium marinum ITS1, isolate 9/04",93.023,43,3,0,266,308,132,174,3.24e-14,63.9,"F11G_B01_013_blast.txt"
"F11G_B01_013","Mycobacterium marinum ITS1, isolate 2B",87.826,115,11,3,55,166,64,178,8.76e-35,132,"F11G_B01_013_blast.txt"
"F11G_B01_013","Mycobacterium marinum ITS1, isolate 2B",93.023,43,3,0,266,308,132,174,3.24e-14,63.9,"F11G_B01_013_blast.txt"
"F11G_B01_013","Mycobacterium fortuitum ITS1, strain 276/3/01",88.889,45,2,3,268,312,200,241,7.02e-11,52.8,"F11G_B01_013_blast.txt"
"F11G_B01_013","Mycobacterium fortuitum ITS1, strain 277/2/01",88.889,45,2,3,268,312,173,214,7.02e-11,52.8,"F11G_B01_013_blast.txt"
"F11G_B01_013","Mycobacterium fortuitum ITS1, strain S7",88.889,45,2,3,268,312,173,214,7.02e-11,52.8,"F11G_B01_013_blast.txt"
"F11O_D01_009","Mycobacterium marinum ITS1, isolate 131/03",88.889,135,13,1,43,177,42,174,6.79e-45,165,"F11O_D01_009_blast.txt"
"F11O_D01_009","Mycobacterium marinum ITS1, isolate 9/04",88.889,135,13,1,43,177,42,174,6.79e-45,165,"F11O_D01_009_blast.txt"
"F11O_D01_009","Mycobacterium marinum ITS1, isolate 2B",88.889,135,13,1,43,177,42,174,6.79e-45,165,"F11O_D01_009_blast.txt"
"F11O_D01_009","Mycobacterium fortuitum ITS1, strain 276/3/01",100,30,0,0,212,241,212,241,4.26e-12,56.5,"F11O_D01_009_blast.txt"
"F11O_D01_009","Mycobacterium fortuitum ITS1, strain 277/2/01",100,30,0,0,212,241,185,214,4.26e-12,56.5,"F11O_D01_009_blast.txt"
"F11O_D01_009","Mycobacterium fortuitum ITS1, strain S7",100,30,0,0,212,241,185,214,4.26e-12,56.5,"F11O_D01_009_blast.txt"
"F12GI_C10_076","Mycobacterium marinum ITS1, isolate 131/03",88.742,151,10,6,29,178,31,175,1.11e-48,178,"F12GI_C10_076_blast.txt"
"F12GI_C10_076","Mycobacterium marinum ITS1, isolate 131/03",92.857,42,3,0,266,307,133,174,1.17e-13,62.1,"F12GI_C10_076_blast.txt"
"F12GI_C10_076","Mycobacterium marinum ITS1, isolate 9/04",88.742,151,10,6,29,178,31,175,1.11e-48,178,"F12GI_C10_076_blast.txt"
"F12GI_C10_076","Mycobacterium marinum ITS1, isolate 9/04",92.857,42,3,0,266,307,133,174,1.17e-13,62.1,"F12GI_C10_076_blast.txt"
"F12GI_C10_076","Mycobacterium marinum ITS1, isolate 2B",88.742,151,10,6,29,178,31,175,1.11e-48,178,"F12GI_C10_076_blast.txt"
"F12GI_C10_076","Mycobacterium marinum ITS1, isolate 2B",92.857,42,3,0,266,307,133,174,1.17e-13,62.1,"F12GI_C10_076_blast.txt"
"F12GI_C10_076","Mycobacterium fortuitum ITS1, strain 276/3/01",83.077,65,4,7,249,311,182,241,7.02e-11,52.8,"F12GI_C10_076_blast.txt"
"F12GI_C10_076","Mycobacterium fortuitum ITS1, strain 277/2/01",83.077,65,4,7,249,311,155,214,7.02e-11,52.8,"F12GI_C10_076_blast.txt"
"F12GI_C10_076","Mycobacterium fortuitum ITS1, strain S7",83.077,65,4,7,249,311,155,214,7.02e-11,52.8,"F12GI_C10_076_blast.txt"
"F12O_D10_074","Mycobacterium marinum ITS1, isolate 131/03",92.857,42,3,0,262,303,133,174,1.16e-13,62.1,"F12O_D10_074_blast.txt"
"F12O_D10_074","Mycobacterium marinum ITS1, isolate 9/04",92.857,42,3,0,262,303,133,174,1.16e-13,62.1,"F12O_D10_074_blast.txt"
"F12O_D10_074","Mycobacterium marinum ITS1, isolate 2B",92.857,42,3,0,262,303,133,174,1.16e-13,62.1,"F12O_D10_074_blast.txt"
"F12O_D10_074","Mycobacterium fortuitum ITS1, strain 276/3/01",83.077,65,4,7,245,307,182,241,6.97e-11,52.8,"F12O_D10_074_blast.txt"
"F12O_D10_074","Mycobacterium fortuitum ITS1, strain 277/2/01",83.077,65,4,7,245,307,155,214,6.97e-11,52.8,"F12O_D10_074_blast.txt"
"F12O_D10_074","Mycobacterium fortuitum ITS1, strain S7",83.077,65,4,7,245,307,155,214,6.97e-11,52.8,"F12O_D10_074_blast.txt"
"F13G_F10_070","Mycobacterium marinum ITS1, isolate 131/03",91.667,96,8,0,97,192,83,178,2.63e-35,134,"F13G_F10_070_blast.txt"
"F13G_F10_070","Mycobacterium marinum ITS1, isolate 131/03",93.023,43,3,0,291,333,132,174,3.5e-14,63.9,"F13G_F10_070_blast.txt"
"F13G_F10_070","Mycobacterium marinum ITS1, isolate 9/04",91.667,96,8,0,97,192,83,178,2.63e-35,134,"F13G_F10_070_blast.txt"
"F13G_F10_070","Mycobacterium marinum ITS1, isolate 9/04",93.023,43,3,0,291,333,132,174,3.5e-14,63.9,"F13G_F10_070_blast.txt"
"F13G_F10_070","Mycobacterium marinum ITS1, isolate 2B",91.667,96,8,0,97,192,83,178,2.63e-35,134,"F13G_F10_070_blast.txt"
"F13G_F10_070","Mycobacterium marinum ITS1, isolate 2B",93.023,43,3,0,291,333,132,174,3.5e-14,63.9,"F13G_F10_070_blast.txt"
"F13G_F10_070","Mycobacterium fortuitum ITS1, strain 276/3/01",88.889,45,2,3,293,337,200,241,7.58e-11,52.8,"F13G_F10_070_blast.txt"
"F13G_F10_070","Mycobacterium fortuitum ITS1, strain 277/2/01",88.889,45,2,3,293,337,173,214,7.58e-11,52.8,"F13G_F10_070_blast.txt"
"F13G_F10_070","Mycobacterium fortuitum ITS1, strain S7",88.889,45,2,3,293,337,173,214,7.58e-11,52.8,"F13G_F10_070_blast.txt"
"F14GI_G01_003","Mycobacterium marinum ITS1, isolate 131/03",93.023,43,3,0,277,319,132,174,3.36e-14,63.9,"F14GI_G01_003_blast.txt"
"F14GI_G01_003","Mycobacterium marinum ITS1, isolate 9/04",93.023,43,3,0,277,319,132,174,3.36e-14,63.9,"F14GI_G01_003_blast.txt"
"F14GI_G01_003","Mycobacterium marinum ITS1, isolate 2B",93.023,43,3,0,277,319,132,174,3.36e-14,63.9,"F14GI_G01_003_blast.txt"
"F14GI_G01_003","Mycobacterium fortuitum ITS1, strain 276/3/01",88.889,45,2,3,279,323,200,241,7.28e-11,52.8,"F14GI_G01_003_blast.txt"
"F14GI_G01_003","Mycobacterium fortuitum ITS1, strain 277/2/01",88.889,45,2,3,279,323,173,214,7.28e-11,52.8,"F14GI_G01_003_blast.txt"
"F14GI_G01_003","Mycobacterium fortuitum ITS1, strain S7",88.889,45,2,3,279,323,173,214,7.28e-11,52.8,"F14GI_G01_003_blast.txt"
"F14L_E01_007","Mycobacterium marinum ITS1, isolate 131/03",93.023,43,3,0,302,344,132,174,3.6e-14,63.9,"F14L_E01_007_blast.txt"
"F14L_E01_007","Mycobacterium marinum ITS1, isolate 9/04",93.023,43,3,0,302,344,132,174,3.6e-14,63.9,"F14L_E01_007_blast.txt"
"F14L_E01_007","Mycobacterium marinum ITS1, isolate 2B",93.023,43,3,0,302,344,132,174,3.6e-14,63.9,"F14L_E01_007_blast.txt"
"F14L_E01_007","Mycobacterium fortuitum ITS1, strain 276/3/01",88.889,45,2,3,304,348,200,241,7.8e-11,52.8,"F14L_E01_007_blast.txt"
"F14L_E01_007","Mycobacterium fortuitum ITS1, strain 277/2/01",88.889,45,2,3,304,348,173,214,7.8e-11,52.8,"F14L_E01_007_blast.txt"
"F14L_E01_007","Mycobacterium fortuitum ITS1, strain S7",88.889,45,2,3,304,348,173,214,7.8e-11,52.8,"F14L_E01_007_blast.txt"
"F15G_B02_014","Mycobacterium marinum ITS1, isolate 131/03",93.023,43,3,0,270,312,132,174,3.29e-14,63.9,"F15G_B02_014_blast.txt"
"F15G_B02_014","Mycobacterium marinum ITS1, isolate 9/04",93.023,43,3,0,270,312,132,174,3.29e-14,63.9,"F15G_B02_014_blast.txt"
"F15G_B02_014","Mycobacterium marinum ITS1, isolate 2B",93.023,43,3,0,270,312,132,174,3.29e-14,63.9,"F15G_B02_014_blast.txt"
"F15G_B02_014","Mycobacterium fortuitum ITS1, strain 276/3/01",88.889,45,2,3,272,316,200,241,7.12e-11,52.8,"F15G_B02_014_blast.txt"
"F15G_B02_014","Mycobacterium fortuitum ITS1, strain 277/2/01",88.889,45,2,3,272,316,173,214,7.12e-11,52.8,"F15G_B02_014_blast.txt"
"F15G_B02_014","Mycobacterium fortuitum ITS1, strain S7",88.889,45,2,3,272,316,173,214,7.12e-11,52.8,"F15G_B02_014_blast.txt"
"F15GI_C02_012","Mycobacterium marinum ITS1, isolate 131/03",93.023,43,3,0,273,315,132,174,3.32e-14,63.9,"F15GI_C02_012_blast.txt"
"F15GI_C02_012","Mycobacterium marinum ITS1, isolate 9/04",93.023,43,3,0,273,315,132,174,3.32e-14,63.9,"F15GI_C02_012_blast.txt"
"F15GI_C02_012","Mycobacterium marinum ITS1, isolate 2B",93.023,43,3,0,273,315,132,174,3.32e-14,63.9,"F15GI_C02_012_blast.txt"
"F15GI_C02_012","Mycobacterium fortuitum ITS1, strain 276/3/01",88.889,45,2,3,275,319,200,241,7.19e-11,52.8,"F15GI_C02_012_blast.txt"
"F15GI_C02_012","Mycobacterium fortuitum ITS1, strain 277/2/01",88.889,45,2,3,275,319,173,214,7.19e-11,52.8,"F15GI_C02_012_blast.txt"
"F15GI_C02_012","Mycobacterium fortuitum ITS1, strain S7",88.889,45,2,3,275,319,173,214,7.19e-11,52.8,"F15GI_C02_012_blast.txt"
"F15L_A02_016","Mycobacterium marinum ITS1, isolate 131/03",93.023,43,3,0,272,314,132,174,3.29e-14,63.9,"F15L_A02_016_blast.txt"
"F15L_A02_016","Mycobacterium marinum ITS1, isolate 9/04",93.023,43,3,0,272,314,132,174,3.29e-14,63.9,"F15L_A02_016_blast.txt"
"F15L_A02_016","Mycobacterium marinum ITS1, isolate 2B",93.023,43,3,0,272,314,132,174,3.29e-14,63.9,"F15L_A02_016_blast.txt"
"F15L_A02_016","Mycobacterium fortuitum ITS1, strain 276/3/01",88.889,45,2,3,274,318,200,241,7.12e-11,52.8,"F15L_A02_016_blast.txt"
"F15L_A02_016","Mycobacterium fortuitum ITS1, strain 277/2/01",88.889,45,2,3,274,318,173,214,7.12e-11,52.8,"F15L_A02_016_blast.txt"
"F15L_A02_016","Mycobacterium fortuitum ITS1, strain S7",88.889,45,2,3,274,318,173,214,7.12e-11,52.8,"F15L_A02_016_blast.txt"
"F15O_D02_010","Mycobacterium marinum ITS1, isolate 131/03",93.023,43,3,0,274,316,132,174,3.32e-14,63.9,"F15O_D02_010_blast.txt"
"F15O_D02_010","Mycobacterium marinum ITS1, isolate 9/04",93.023,43,3,0,274,316,132,174,3.32e-14,63.9,"F15O_D02_010_blast.txt"
"F15O_D02_010","Mycobacterium marinum ITS1, isolate 2B",93.023,43,3,0,274,316,132,174,3.32e-14,63.9,"F15O_D02_010_blast.txt"
"F15O_D02_010","Mycobacterium fortuitum ITS1, strain 276/3/01",88.889,45,2,3,276,320,200,241,7.19e-11,52.8,"F15O_D02_010_blast.txt"
"F15O_D02_010","Mycobacterium fortuitum ITS1, strain 277/2/01",88.889,45,2,3,276,320,173,214,7.19e-11,52.8,"F15O_D02_010_blast.txt"
"F15O_D02_010","Mycobacterium fortuitum ITS1, strain S7",88.889,45,2,3,276,320,173,214,7.19e-11,52.8,"F15O_D02_010_blast.txt"
"F16GI_G02_004","Mycobacterium marinum ITS1, isolate 131/03",93.023,43,3,0,276,318,132,174,3.36e-14,63.9,"F16GI_G02_004_blast.txt"
"F16GI_G02_004","Mycobacterium marinum ITS1, isolate 9/04",93.023,43,3,0,276,318,132,174,3.36e-14,63.9,"F16GI_G02_004_blast.txt"
"F16GI_G02_004","Mycobacterium marinum ITS1, isolate 2B",93.023,43,3,0,276,318,132,174,3.36e-14,63.9,"F16GI_G02_004_blast.txt"
"F16GI_G02_004","Mycobacterium fortuitum ITS1, strain 276/3/01",88.889,45,2,3,278,322,200,241,7.28e-11,52.8,"F16GI_G02_004_blast.txt"
"F16GI_G02_004","Mycobacterium fortuitum ITS1, strain 277/2/01",88.889,45,2,3,278,322,173,214,7.28e-11,52.8,"F16GI_G02_004_blast.txt"
"F16GI_G02_004","Mycobacterium fortuitum ITS1, strain S7",88.889,45,2,3,278,322,173,214,7.28e-11,52.8,"F16GI_G02_004_blast.txt"
"F16L_E02_008","Mycobacterium marinum ITS1, isolate 131/03",98.077,156,0,2,23,178,26,178,6.66e-76,268,"F16L_E02_008_blast.txt"
"F16L_E02_008","Mycobacterium marinum ITS1, isolate 131/03",93.023,43,3,0,278,320,132,174,3.37e-14,63.9,"F16L_E02_008_blast.txt"
"F16L_E02_008","Mycobacterium marinum ITS1, isolate 9/04",98.077,156,0,2,23,178,26,178,6.66e-76,268,"F16L_E02_008_blast.txt"
"F16L_E02_008","Mycobacterium marinum ITS1, isolate 9/04",93.023,43,3,0,278,320,132,174,3.37e-14,63.9,"F16L_E02_008_blast.txt"
"F16L_E02_008","Mycobacterium marinum ITS1, isolate 2B",98.077,156,0,2,23,178,26,178,6.66e-76,268,"F16L_E02_008_blast.txt"
"F16L_E02_008","Mycobacterium marinum ITS1, isolate 2B",93.023,43,3,0,278,320,132,174,3.37e-14,63.9,"F16L_E02_008_blast.txt"
"F16L_E02_008","Mycobacterium fortuitum ITS1, strain 276/3/01",88.889,45,2,3,280,324,200,241,7.3e-11,52.8,"F16L_E02_008_blast.txt"
"F16L_E02_008","Mycobacterium fortuitum ITS1, strain 277/2/01",88.889,45,2,3,280,324,173,214,7.3e-11,52.8,"F16L_E02_008_blast.txt"
"F16L_E02_008","Mycobacterium fortuitum ITS1, strain S7",88.889,45,2,3,280,324,173,214,7.3e-11,52.8,"F16L_E02_008_blast.txt"
"F16O_H02_002","Mycobacterium marinum ITS1, isolate 131/03",93.023,43,3,0,293,335,132,174,3.52e-14,63.9,"F16O_H02_002_blast.txt"
"F16O_H02_002","Mycobacterium marinum ITS1, isolate 9/04",93.023,43,3,0,293,335,132,174,3.52e-14,63.9,"F16O_H02_002_blast.txt"
"F16O_H02_002","Mycobacterium marinum ITS1, isolate 2B",93.023,43,3,0,293,335,132,174,3.52e-14,63.9,"F16O_H02_002_blast.txt"
"F16O_H02_002","Mycobacterium fortuitum ITS1, strain 276/3/01",90.909,44,3,1,220,263,199,241,1.64e-12,58.4,"F16O_H02_002_blast.txt"
"F16O_H02_002","Mycobacterium fortuitum ITS1, strain 276/3/01",88.889,45,2,3,295,339,200,241,7.63e-11,52.8,"F16O_H02_002_blast.txt"
"F16O_H02_002","Mycobacterium fortuitum ITS1, strain 277/2/01",90.909,44,3,1,220,263,172,214,1.64e-12,58.4,"F16O_H02_002_blast.txt"
"F16O_H02_002","Mycobacterium fortuitum ITS1, strain 277/2/01",88.889,45,2,3,295,339,173,214,7.63e-11,52.8,"F16O_H02_002_blast.txt"
"F16O_H02_002","Mycobacterium fortuitum ITS1, strain S7",90.909,44,3,1,220,263,172,214,1.64e-12,58.4,"F16O_H02_002_blast.txt"
"F16O_H02_002","Mycobacterium fortuitum ITS1, strain S7",88.889,45,2,3,295,339,173,214,7.63e-11,52.8,"F16O_H02_002_blast.txt"
"F18G_B03_029","Mycobacterium marinum ITS1, isolate 131/03",93.023,43,3,0,275,317,132,174,3.35e-14,63.9,"F18G_B03_029_blast.txt"
"F18G_B03_029","Mycobacterium marinum ITS1, isolate 9/04",93.023,43,3,0,275,317,132,174,3.35e-14,63.9,"F18G_B03_029_blast.txt"
"F18G_B03_029","Mycobacterium marinum ITS1, isolate 2B",93.023,43,3,0,275,317,132,174,3.35e-14,63.9,"F18G_B03_029_blast.txt"
"F18G_B03_029","Mycobacterium fortuitum ITS1, strain 276/3/01",88.889,45,2,3,277,321,200,241,7.25e-11,52.8,"F18G_B03_029_blast.txt"
"F18G_B03_029","Mycobacterium fortuitum ITS1, strain 277/2/01",88.889,45,2,3,277,321,173,214,7.25e-11,52.8,"F18G_B03_029_blast.txt"
"F18G_B03_029","Mycobacterium fortuitum ITS1, strain S7",88.889,45,2,3,277,321,173,214,7.25e-11,52.8,"F18G_B03_029_blast.txt"
"F18GI_C03_027","Mycobacterium marinum ITS1, isolate 131/03",93.023,43,3,0,272,314,132,174,3.3e-14,63.9,"F18GI_C03_027_blast.txt"
"F18GI_C03_027","Mycobacterium marinum ITS1, isolate 9/04",93.023,43,3,0,272,314,132,174,3.3e-14,63.9,"F18GI_C03_027_blast.txt"
"F18GI_C03_027","Mycobacterium marinum ITS1, isolate 2B",93.023,43,3,0,272,314,132,174,3.3e-14,63.9,"F18GI_C03_027_blast.txt"
"F18GI_C03_027","Mycobacterium fortuitum ITS1, strain 276/3/01",88.889,45,2,3,274,318,200,241,7.15e-11,52.8,"F18GI_C03_027_blast.txt"
"F18GI_C03_027","Mycobacterium fortuitum ITS1, strain 277/2/01",88.889,45,2,3,274,318,173,214,7.15e-11,52.8,"F18GI_C03_027_blast.txt"
"F18GI_C03_027","Mycobacterium fortuitum ITS1, strain S7",88.889,45,2,3,274,318,173,214,7.15e-11,52.8,"F18GI_C03_027_blast.txt"
"F18O_D03_025","Mycobacterium marinum ITS1, isolate 131/03",93.023,43,3,0,272,314,132,174,3.3e-14,63.9,"F18O_D03_025_blast.txt"
"F18O_D03_025","Mycobacterium marinum ITS1, isolate 9/04",93.023,43,3,0,272,314,132,174,3.3e-14,63.9,"F18O_D03_025_blast.txt"
"F18O_D03_025","Mycobacterium marinum ITS1, isolate 2B",93.023,43,3,0,272,314,132,174,3.3e-14,63.9,"F18O_D03_025_blast.txt"
"F18O_D03_025","Mycobacterium fortuitum ITS1, strain 276/3/01",88.889,45,2,3,274,318,200,241,7.15e-11,52.8,"F18O_D03_025_blast.txt"
"F18O_D03_025","Mycobacterium fortuitum ITS1, strain 277/2/01",88.889,45,2,3,274,318,173,214,7.15e-11,52.8,"F18O_D03_025_blast.txt"
"F18O_D03_025","Mycobacterium fortuitum ITS1, strain S7",88.889,45,2,3,274,318,173,214,7.15e-11,52.8,"F18O_D03_025_blast.txt"
"F19G_B11_093","Mycobacterium marinum ITS1, isolate 131/03",93.023,43,3,0,282,324,132,174,3.42e-14,63.9,"F19G_B11_093_blast.txt"
"F19G_B11_093","Mycobacterium marinum ITS1, isolate 9/04",93.023,43,3,0,282,324,132,174,3.42e-14,63.9,"F19G_B11_093_blast.txt"
"F19G_B11_093","Mycobacterium marinum ITS1, isolate 2B",93.023,43,3,0,282,324,132,174,3.42e-14,63.9,"F19G_B11_093_blast.txt"
"F19G_B11_093","Mycobacterium fortuitum ITS1, strain 276/3/01",88.889,45,2,3,284,328,200,241,7.41e-11,52.8,"F19G_B11_093_blast.txt"
"F19G_B11_093","Mycobacterium fortuitum ITS1, strain 277/2/01",88.889,45,2,3,284,328,173,214,7.41e-11,52.8,"F19G_B11_093_blast.txt"
"F19G_B11_093","Mycobacterium fortuitum ITS1, strain S7",88.889,45,2,3,284,328,173,214,7.41e-11,52.8,"F19G_B11_093_blast.txt"
"F19GI_C11_091","Mycobacterium marinum ITS1, isolate 131/03",93.023,43,3,0,294,336,132,174,3.52e-14,63.9,"F19GI_C11_091_blast.txt"
"F19GI_C11_091","Mycobacterium marinum ITS1, isolate 9/04",93.023,43,3,0,294,336,132,174,3.52e-14,63.9,"F19GI_C11_091_blast.txt"
"F19GI_C11_091","Mycobacterium marinum ITS1, isolate 2B",93.023,43,3,0,294,336,132,174,3.52e-14,63.9,"F19GI_C11_091_blast.txt"
"F19GI_C11_091","Mycobacterium fortuitum ITS1, strain 276/3/01",88.889,45,2,3,296,340,200,241,7.63e-11,52.8,"F19GI_C11_091_blast.txt"
"F19GI_C11_091","Mycobacterium fortuitum ITS1, strain 277/2/01",88.889,45,2,3,296,340,173,214,7.63e-11,52.8,"F19GI_C11_091_blast.txt"
"F19GI_C11_091","Mycobacterium fortuitum ITS1, strain S7",88.889,45,2,3,296,340,173,214,7.63e-11,52.8,"F19GI_C11_091_blast.txt"
"F19L_A11_095","Mycobacterium marinum ITS1, isolate 131/03",97.452,157,2,2,22,178,24,178,1.39e-75,267,"F19L_A11_095_blast.txt"
"F19L_A11_095","Mycobacterium marinum ITS1, isolate 9/04",97.452,157,2,2,22,178,24,178,1.39e-75,267,"F19L_A11_095_blast.txt"
"F19L_A11_095","Mycobacterium marinum ITS1, isolate 2B",97.452,157,2,2,22,178,24,178,1.39e-75,267,"F19L_A11_095_blast.txt"
"F19O_D11_089","Mycobacterium marinum ITS1, isolate 131/03",93.023,43,3,0,274,316,132,174,3.33e-14,63.9,"F19O_D11_089_blast.txt"
"F19O_D11_089","Mycobacterium marinum ITS1, isolate 9/04",93.023,43,3,0,274,316,132,174,3.33e-14,63.9,"F19O_D11_089_blast.txt"
"F19O_D11_089","Mycobacterium marinum ITS1, isolate 2B",93.023,43,3,0,274,316,132,174,3.33e-14,63.9,"F19O_D11_089_blast.txt"
"F19O_D11_089","Mycobacterium fortuitum ITS1, strain 276/3/01",88.889,45,2,3,276,320,200,241,7.21e-11,52.8,"F19O_D11_089_blast.txt"
"F19O_D11_089","Mycobacterium fortuitum ITS1, strain 277/2/01",88.889,45,2,3,276,320,173,214,7.21e-11,52.8,"F19O_D11_089_blast.txt"
"F19O_D11_089","Mycobacterium fortuitum ITS1, strain S7",88.889,45,2,3,276,320,173,214,7.21e-11,52.8,"F19O_D11_089_blast.txt"
"F1G_B08_062","Mycobacterium marinum ITS1, isolate 131/03",97.333,150,1,3,32,181,32,178,6.72e-71,252,"F1G_B08_062_blast.txt"
"F1G_B08_062","Mycobacterium marinum ITS1, isolate 131/03",93.023,43,3,0,280,322,132,174,3.38e-14,63.9,"F1G_B08_062_blast.txt"
"F1G_B08_062","Mycobacterium marinum ITS1, isolate 9/04",97.333,150,1,3,32,181,32,178,6.72e-71,252,"F1G_B08_062_blast.txt"
"F1G_B08_062","Mycobacterium marinum ITS1, isolate 9/04",93.023,43,3,0,280,322,132,174,3.38e-14,63.9,"F1G_B08_062_blast.txt"
"F1G_B08_062","Mycobacterium marinum ITS1, isolate 2B",97.333,150,1,3,32,181,32,178,6.72e-71,252,"F1G_B08_062_blast.txt"
"F1G_B08_062","Mycobacterium marinum ITS1, isolate 2B",93.023,43,3,0,280,322,132,174,3.38e-14,63.9,"F1G_B08_062_blast.txt"
"F1G_B08_062","Mycobacterium fortuitum ITS1, strain 276/3/01",88.889,45,2,3,282,326,200,241,7.32e-11,52.8,"F1G_B08_062_blast.txt"
"F1G_B08_062","Mycobacterium fortuitum ITS1, strain 277/2/01",88.889,45,2,3,282,326,173,214,7.32e-11,52.8,"F1G_B08_062_blast.txt"
"F1G_B08_062","Mycobacterium fortuitum ITS1, strain S7",88.889,45,2,3,282,326,173,214,7.32e-11,52.8,"F1G_B08_062_blast.txt"
"F1GI_C08_060","Mycobacterium marinum ITS1, isolate 131/03",93.548,93,6,0,74,166,81,173,5.35e-37,139,"F1GI_C08_060_blast.txt"
"F1GI_C08_060","Mycobacterium marinum ITS1, isolate 9/04",93.548,93,6,0,74,166,81,173,5.35e-37,139,"F1GI_C08_060_blast.txt"
"F1GI_C08_060","Mycobacterium marinum ITS1, isolate 2B",93.548,93,6,0,74,166,81,173,5.35e-37,139,"F1GI_C08_060_blast.txt"
"F1O_D08_058","Mycobacterium marinum ITS1, isolate 131/03",93.023,43,3,0,290,332,132,174,3.49e-14,63.9,"F1O_D08_058_blast.txt"
"F1O_D08_058","Mycobacterium marinum ITS1, isolate 9/04",93.023,43,3,0,290,332,132,174,3.49e-14,63.9,"F1O_D08_058_blast.txt"
"F1O_D08_058","Mycobacterium marinum ITS1, isolate 2B",93.023,43,3,0,290,332,132,174,3.49e-14,63.9,"F1O_D08_058_blast.txt"
"F1O_D08_058","Mycobacterium fortuitum ITS1, strain 276/3/01",88.889,45,2,3,292,336,200,241,7.56e-11,52.8,"F1O_D08_058_blast.txt"
"F1O_D08_058","Mycobacterium fortuitum ITS1, strain 277/2/01",88.889,45,2,3,292,336,173,214,7.56e-11,52.8,"F1O_D08_058_blast.txt"
"F1O_D08_058","Mycobacterium fortuitum ITS1, strain S7",88.889,45,2,3,292,336,173,214,7.56e-11,52.8,"F1O_D08_058_blast.txt"
"F20G_F11_085","Mycobacterium marinum ITS1, isolate 131/03",93.023,43,3,0,273,315,132,174,3.31e-14,63.9,"F20G_F11_085_blast.txt"
"F20G_F11_085","Mycobacterium marinum ITS1, isolate 9/04",93.023,43,3,0,273,315,132,174,3.31e-14,63.9,"F20G_F11_085_blast.txt"
"F20G_F11_085","Mycobacterium marinum ITS1, isolate 2B",93.023,43,3,0,273,315,132,174,3.31e-14,63.9,"F20G_F11_085_blast.txt"
"F20G_F11_085","Mycobacterium fortuitum ITS1, strain 276/3/01",88.889,45,2,3,275,319,200,241,7.17e-11,52.8,"F20G_F11_085_blast.txt"
"F20G_F11_085","Mycobacterium fortuitum ITS1, strain 277/2/01",88.889,45,2,3,275,319,173,214,7.17e-11,52.8,"F20G_F11_085_blast.txt"
"F20G_F11_085","Mycobacterium fortuitum ITS1, strain S7",88.889,45,2,3,275,319,173,214,7.17e-11,52.8,"F20G_F11_085_blast.txt"
"F20L_E11_087","Mycobacterium marinum ITS1, isolate 131/03",80.282,142,20,7,45,184,43,178,2.62e-25,100,"F20L_E11_087_blast.txt"
"F20L_E11_087","Mycobacterium marinum ITS1, isolate 131/03",93.023,43,3,0,284,326,132,174,3.43e-14,63.9,"F20L_E11_087_blast.txt"
"F20L_E11_087","Mycobacterium marinum ITS1, isolate 9/04",80.282,142,20,7,45,184,43,178,2.62e-25,100,"F20L_E11_087_blast.txt"
"F20L_E11_087","Mycobacterium marinum ITS1, isolate 9/04",93.023,43,3,0,284,326,132,174,3.43e-14,63.9,"F20L_E11_087_blast.txt"
"F20L_E11_087","Mycobacterium marinum ITS1, isolate 2B",80.282,142,20,7,45,184,43,178,2.62e-25,100,"F20L_E11_087_blast.txt"
"F20L_E11_087","Mycobacterium marinum ITS1, isolate 2B",93.023,43,3,0,284,326,132,174,3.43e-14,63.9,"F20L_E11_087_blast.txt"
"F20L_E11_087","Mycobacterium fortuitum ITS1, strain 276/3/01",88.889,45,2,3,286,330,200,241,7.43e-11,52.8,"F20L_E11_087_blast.txt"
"F20L_E11_087","Mycobacterium fortuitum ITS1, strain 277/2/01",88.889,45,2,3,286,330,173,214,7.43e-11,52.8,"F20L_E11_087_blast.txt"
"F20L_E11_087","Mycobacterium fortuitum ITS1, strain S7",88.889,45,2,3,286,330,173,214,7.43e-11,52.8,"F20L_E11_087_blast.txt"
"F20O_H11_081","Mycobacterium marinum ITS1, isolate 131/03",93.023,43,3,0,276,318,132,174,3.36e-14,63.9,"F20O_H11_081_blast.txt"
"F20O_H11_081","Mycobacterium marinum ITS1, isolate 9/04",93.023,43,3,0,276,318,132,174,3.36e-14,63.9,"F20O_H11_081_blast.txt"
"F20O_H11_081","Mycobacterium marinum ITS1, isolate 2B",93.023,43,3,0,276,318,132,174,3.36e-14,63.9,"F20O_H11_081_blast.txt"
"F20O_H11_081","Mycobacterium fortuitum ITS1, strain 276/3/01",88.889,45,2,3,278,322,200,241,7.28e-11,52.8,"F20O_H11_081_blast.txt"
"F20O_H11_081","Mycobacterium fortuitum ITS1, strain 277/2/01",88.889,45,2,3,278,322,173,214,7.28e-11,52.8,"F20O_H11_081_blast.txt"
"F20O_H11_081","Mycobacterium fortuitum ITS1, strain S7",88.889,45,2,3,278,322,173,214,7.28e-11,52.8,"F20O_H11_081_blast.txt"
"F22G_B12_094","Mycobacterium marinum ITS1, isolate 131/03",93.023,43,3,0,273,315,132,174,3.32e-14,63.9,"F22G_B12_094_blast.txt"
"F22G_B12_094","Mycobacterium marinum ITS1, isolate 9/04",93.023,43,3,0,273,315,132,174,3.32e-14,63.9,"F22G_B12_094_blast.txt"
"F22G_B12_094","Mycobacterium marinum ITS1, isolate 2B",93.023,43,3,0,273,315,132,174,3.32e-14,63.9,"F22G_B12_094_blast.txt"
"F22G_B12_094","Mycobacterium fortuitum ITS1, strain 276/3/01",88.889,45,2,3,275,319,200,241,7.19e-11,52.8,"F22G_B12_094_blast.txt"
"F22G_B12_094","Mycobacterium fortuitum ITS1, strain 277/2/01",88.889,45,2,3,275,319,173,214,7.19e-11,52.8,"F22G_B12_094_blast.txt"
"F22G_B12_094","Mycobacterium fortuitum ITS1, strain S7",88.889,45,2,3,275,319,173,214,7.19e-11,52.8,"F22G_B12_094_blast.txt"
"F22L_A12_096","Mycobacterium marinum ITS1, isolate 131/03",93.023,43,3,0,284,326,132,174,3.43e-14,63.9,"F22L_A12_096_blast.txt"
"F22L_A12_096","Mycobacterium marinum ITS1, isolate 9/04",93.023,43,3,0,284,326,132,174,3.43e-14,63.9,"F22L_A12_096_blast.txt"
"F22L_A12_096","Mycobacterium marinum ITS1, isolate 2B",93.023,43,3,0,284,326,132,174,3.43e-14,63.9,"F22L_A12_096_blast.txt"
"F22L_A12_096","Mycobacterium fortuitum ITS1, strain 276/3/01",88.889,45,2,3,286,330,200,241,7.43e-11,52.8,"F22L_A12_096_blast.txt"
"F22L_A12_096","Mycobacterium fortuitum ITS1, strain 277/2/01",88.889,45,2,3,286,330,173,214,7.43e-11,52.8,"F22L_A12_096_blast.txt"
"F22L_A12_096","Mycobacterium fortuitum ITS1, strain S7",88.889,45,2,3,286,330,173,214,7.43e-11,52.8,"F22L_A12_096_blast.txt"
"F22O_D12_090","Mycobacterium marinum ITS1, isolate 131/03",93.023,43,3,0,275,317,132,174,3.33e-14,63.9,"F22O_D12_090_blast.txt"
"F22O_D12_090","Mycobacterium marinum ITS1, isolate 9/04",93.023,43,3,0,275,317,132,174,3.33e-14,63.9,"F22O_D12_090_blast.txt"
"F22O_D12_090","Mycobacterium marinum ITS1, isolate 2B",93.023,43,3,0,275,317,132,174,3.33e-14,63.9,"F22O_D12_090_blast.txt"
"F22O_D12_090","Mycobacterium fortuitum ITS1, strain 276/3/01",88.889,45,2,3,277,321,200,241,7.21e-11,52.8,"F22O_D12_090_blast.txt"
"F22O_D12_090","Mycobacterium fortuitum ITS1, strain 277/2/01",88.889,45,2,3,277,321,173,214,7.21e-11,52.8,"F22O_D12_090_blast.txt"
"F22O_D12_090","Mycobacterium fortuitum ITS1, strain S7",88.889,45,2,3,277,321,173,214,7.21e-11,52.8,"F22O_D12_090_blast.txt"
"F23G_F12_086","Mycobacterium marinum ITS1, isolate 131/03",93.023,43,3,0,274,316,132,174,3.32e-14,63.9,"F23G_F12_086_blast.txt"
"F23G_F12_086","Mycobacterium marinum ITS1, isolate 9/04",93.023,43,3,0,274,316,132,174,3.32e-14,63.9,"F23G_F12_086_blast.txt"
"F23G_F12_086","Mycobacterium marinum ITS1, isolate 2B",93.023,43,3,0,274,316,132,174,3.32e-14,63.9,"F23G_F12_086_blast.txt"
"F23G_F12_086","Mycobacterium fortuitum ITS1, strain 276/3/01",88.889,45,2,3,276,320,200,241,7.19e-11,52.8,"F23G_F12_086_blast.txt"
"F23G_F12_086","Mycobacterium fortuitum ITS1, strain 277/2/01",88.889,45,2,3,276,320,173,214,7.19e-11,52.8,"F23G_F12_086_blast.txt"
"F23G_F12_086","Mycobacterium fortuitum ITS1, strain S7",88.889,45,2,3,276,320,173,214,7.19e-11,52.8,"F23G_F12_086_blast.txt"
"F28L_E03_023","Mycobacterium marinum ITS1, isolate 131/03",99.359,156,0,1,22,177,24,178,4.93e-80,281,"F28L_E03_023_blast.txt"
"F28L_E03_023","Mycobacterium marinum ITS1, isolate 9/04",99.359,156,0,1,22,177,24,178,4.93e-80,281,"F28L_E03_023_blast.txt"
"F28L_E03_023","Mycobacterium marinum ITS1, isolate 2B",99.359,156,0,1,22,177,24,178,4.93e-80,281,"F28L_E03_023_blast.txt"
"F28O_H03_017","Mycobacterium marinum ITS1, isolate 131/03",100,151,0,0,29,179,28,178,3.08e-79,279,"F28O_H03_017_blast.txt"
"F28O_H03_017","Mycobacterium marinum ITS1, isolate 131/03",93.023,43,3,0,279,321,132,174,3.38e-14,63.9,"F28O_H03_017_blast.txt"
"F28O_H03_017","Mycobacterium marinum ITS1, isolate 9/04",100,151,0,0,29,179,28,178,3.08e-79,279,"F28O_H03_017_blast.txt"
"F28O_H03_017","Mycobacterium marinum ITS1, isolate 9/04",93.023,43,3,0,279,321,132,174,3.38e-14,63.9,"F28O_H03_017_blast.txt"
"F28O_H03_017","Mycobacterium marinum ITS1, isolate 2B",100,151,0,0,29,179,28,178,3.08e-79,279,"F28O_H03_017_blast.txt"
"F28O_H03_017","Mycobacterium marinum ITS1, isolate 2B",93.023,43,3,0,279,321,132,174,3.38e-14,63.9,"F28O_H03_017_blast.txt"
"F28O_H03_017","Mycobacterium fortuitum ITS1, strain 276/3/01",88.889,45,2,3,281,325,200,241,7.32e-11,52.8,"F28O_H03_017_blast.txt"
"F28O_H03_017","Mycobacterium fortuitum ITS1, strain 277/2/01",88.889,45,2,3,281,325,173,214,7.32e-11,52.8,"F28O_H03_017_blast.txt"
"F28O_H03_017","Mycobacterium fortuitum ITS1, strain S7",88.889,45,2,3,281,325,173,214,7.32e-11,52.8,"F28O_H03_017_blast.txt"
"F31G_B04_030","Mycobacterium marinum ITS1, isolate 131/03",99.333,150,1,0,24,173,29,178,5.07e-77,272,"F31G_B04_030_blast.txt"
"F31G_B04_030","Mycobacterium marinum ITS1, isolate 131/03",93.023,43,3,0,273,315,132,174,3.32e-14,63.9,"F31G_B04_030_blast.txt"
"F31G_B04_030","Mycobacterium marinum ITS1, isolate 9/04",99.333,150,1,0,24,173,29,178,5.07e-77,272,"F31G_B04_030_blast.txt"
"F31G_B04_030","Mycobacterium marinum ITS1, isolate 9/04",93.023,43,3,0,273,315,132,174,3.32e-14,63.9,"F31G_B04_030_blast.txt"
"F31G_B04_030","Mycobacterium marinum ITS1, isolate 2B",99.333,150,1,0,24,173,29,178,5.07e-77,272,"F31G_B04_030_blast.txt"
"F31G_B04_030","Mycobacterium marinum ITS1, isolate 2B",93.023,43,3,0,273,315,132,174,3.32e-14,63.9,"F31G_B04_030_blast.txt"
"F31G_B04_030","Mycobacterium fortuitum ITS1, strain 276/3/01",88.889,45,2,3,275,319,200,241,7.19e-11,52.8,"F31G_B04_030_blast.txt"
"F31G_B04_030","Mycobacterium fortuitum ITS1, strain 277/2/01",88.889,45,2,3,275,319,173,214,7.19e-11,52.8,"F31G_B04_030_blast.txt"
"F31G_B04_030","Mycobacterium fortuitum ITS1, strain S7",88.889,45,2,3,275,319,173,214,7.19e-11,52.8,"F31G_B04_030_blast.txt"
"F31GI_C04_028","Mycobacterium marinum ITS1, isolate 131/03",99.355,155,0,1,20,174,25,178,3.03e-79,279,"F31GI_C04_028_blast.txt"
"F31GI_C04_028","Mycobacterium marinum ITS1, isolate 131/03",93.023,43,3,0,274,316,132,174,3.32e-14,63.9,"F31GI_C04_028_blast.txt"
"F31GI_C04_028","Mycobacterium marinum ITS1, isolate 9/04",99.355,155,0,1,20,174,25,178,3.03e-79,279,"F31GI_C04_028_blast.txt"
"F31GI_C04_028","Mycobacterium marinum ITS1, isolate 9/04",93.023,43,3,0,274,316,132,174,3.32e-14,63.9,"F31GI_C04_028_blast.txt"
"F31GI_C04_028","Mycobacterium marinum ITS1, isolate 2B",99.355,155,0,1,20,174,25,178,3.03e-79,279,"F31GI_C04_028_blast.txt"
"F31GI_C04_028","Mycobacterium marinum ITS1, isolate 2B",93.023,43,3,0,274,316,132,174,3.32e-14,63.9,"F31GI_C04_028_blast.txt"
"F31GI_C04_028","Mycobacterium fortuitum ITS1, strain 276/3/01",88.889,45,2,3,276,320,200,241,7.19e-11,52.8,"F31GI_C04_028_blast.txt"
"F31GI_C04_028","Mycobacterium fortuitum ITS1, strain 277/2/01",88.889,45,2,3,276,320,173,214,7.19e-11,52.8,"F31GI_C04_028_blast.txt"
"F31GI_C04_028","Mycobacterium fortuitum ITS1, strain S7",88.889,45,2,3,276,320,173,214,7.19e-11,52.8,"F31GI_C04_028_blast.txt"
"F35G_F04_022","Mycobacterium marinum ITS1, isolate 131/03",93.023,43,3,0,272,314,132,174,3.32e-14,63.9,"F35G_F04_022_blast.txt"
"F35G_F04_022","Mycobacterium marinum ITS1, isolate 9/04",93.023,43,3,0,272,314,132,174,3.32e-14,63.9,"F35G_F04_022_blast.txt"
"F35G_F04_022","Mycobacterium marinum ITS1, isolate 2B",93.023,43,3,0,272,314,132,174,3.32e-14,63.9,"F35G_F04_022_blast.txt"
"F35G_F04_022","Mycobacterium fortuitum ITS1, strain 276/3/01",88.889,45,2,3,274,318,200,241,7.19e-11,52.8,"F35G_F04_022_blast.txt"
"F35G_F04_022","Mycobacterium fortuitum ITS1, strain 277/2/01",88.889,45,2,3,274,318,173,214,7.19e-11,52.8,"F35G_F04_022_blast.txt"
"F35G_F04_022","Mycobacterium fortuitum ITS1, strain S7",88.889,45,2,3,274,318,173,214,7.19e-11,52.8,"F35G_F04_022_blast.txt"
"F35L_E04_024","Mycobacterium marinum ITS1, isolate 131/03",100,154,0,0,18,171,25,178,3.63e-81,285,"F35L_E04_024_blast.txt"
"F35L_E04_024","Mycobacterium marinum ITS1, isolate 9/04",100,154,0,0,18,171,25,178,3.63e-81,285,"F35L_E04_024_blast.txt"
"F35L_E04_024","Mycobacterium marinum ITS1, isolate 2B",100,154,0,0,18,171,25,178,3.63e-81,285,"F35L_E04_024_blast.txt"
"F35O_H04_018","Mycobacterium marinum ITS1, isolate 131/03",98.726,157,1,1,23,179,23,178,1.11e-78,278,"F35O_H04_018_blast.txt"
"F35O_H04_018","Mycobacterium marinum ITS1, isolate 131/03",93.023,43,3,0,280,322,132,174,3.39e-14,63.9,"F35O_H04_018_blast.txt"
"F35O_H04_018","Mycobacterium marinum ITS1, isolate 9/04",98.726,157,1,1,23,179,23,178,1.11e-78,278,"F35O_H04_018_blast.txt"
"F35O_H04_018","Mycobacterium marinum ITS1, isolate 9/04",93.023,43,3,0,280,322,132,174,3.39e-14,63.9,"F35O_H04_018_blast.txt"
"F35O_H04_018","Mycobacterium marinum ITS1, isolate 2B",98.726,157,1,1,23,179,23,178,1.11e-78,278,"F35O_H04_018_blast.txt"
"F35O_H04_018","Mycobacterium marinum ITS1, isolate 2B",93.023,43,3,0,280,322,132,174,3.39e-14,63.9,"F35O_H04_018_blast.txt"
"F35O_H04_018","Mycobacterium fortuitum ITS1, strain 276/3/01",88.889,45,2,3,282,326,200,241,7.34e-11,52.8,"F35O_H04_018_blast.txt"
"F35O_H04_018","Mycobacterium fortuitum ITS1, strain 277/2/01",88.889,45,2,3,282,326,173,214,7.34e-11,52.8,"F35O_H04_018_blast.txt"
"F35O_H04_018","Mycobacterium fortuitum ITS1, strain S7",88.889,45,2,3,282,326,173,214,7.34e-11,52.8,"F35O_H04_018_blast.txt"
"F38G_F05_037","Mycobacterium marinum ITS1, isolate 131/03",93.023,43,3,0,272,314,132,174,3.3e-14,63.9,"F38G_F05_037_blast.txt"
"F38G_F05_037","Mycobacterium marinum ITS1, isolate 9/04",93.023,43,3,0,272,314,132,174,3.3e-14,63.9,"F38G_F05_037_blast.txt"
"F38G_F05_037","Mycobacterium marinum ITS1, isolate 2B",93.023,43,3,0,272,314,132,174,3.3e-14,63.9,"F38G_F05_037_blast.txt"
"F38G_F05_037","Mycobacterium fortuitum ITS1, strain 276/3/01",88.889,45,2,3,274,318,200,241,7.15e-11,52.8,"F38G_F05_037_blast.txt"
"F38G_F05_037","Mycobacterium fortuitum ITS1, strain 277/2/01",88.889,45,2,3,274,318,173,214,7.15e-11,52.8,"F38G_F05_037_blast.txt"
"F38G_F05_037","Mycobacterium fortuitum ITS1, strain S7",88.889,45,2,3,274,318,173,214,7.15e-11,52.8,"F38G_F05_037_blast.txt"
"F38GI_G05_035","Mycobacterium marinum ITS1, isolate 131/03",89.744,156,10,5,16,170,24,174,1.25e-53,195,"F38GI_G05_035_blast.txt"
"F38GI_G05_035","Mycobacterium marinum ITS1, isolate 131/03",93.023,43,3,0,272,314,132,174,3.67e-14,63.9,"F38GI_G05_035_blast.txt"
"F38GI_G05_035","Mycobacterium marinum ITS1, isolate 9/04",89.744,156,10,5,16,170,24,174,1.25e-53,195,"F38GI_G05_035_blast.txt"
"F38GI_G05_035","Mycobacterium marinum ITS1, isolate 9/04",93.023,43,3,0,272,314,132,174,3.67e-14,63.9,"F38GI_G05_035_blast.txt"
"F38GI_G05_035","Mycobacterium marinum ITS1, isolate 2B",89.744,156,10,5,16,170,24,174,1.25e-53,195,"F38GI_G05_035_blast.txt"
"F38GI_G05_035","Mycobacterium marinum ITS1, isolate 2B",93.023,43,3,0,272,314,132,174,3.67e-14,63.9,"F38GI_G05_035_blast.txt"
"F38GI_G05_035","Mycobacterium fortuitum ITS1, strain 276/3/01",88.889,45,2,3,274,318,200,241,7.95e-11,52.8,"F38GI_G05_035_blast.txt"
"F38GI_G05_035","Mycobacterium fortuitum ITS1, strain 277/2/01",88.889,45,2,3,274,318,173,214,7.95e-11,52.8,"F38GI_G05_035_blast.txt"
"F38GI_G05_035","Mycobacterium fortuitum ITS1, strain S7",88.889,45,2,3,274,318,173,214,7.95e-11,52.8,"F38GI_G05_035_blast.txt"
"F38L_E05_039","Mycobacterium marinum ITS1, isolate 131/03",93.023,43,3,0,297,339,132,174,3.56e-14,63.9,"F38L_E05_039_blast.txt"
"F38L_E05_039","Mycobacterium marinum ITS1, isolate 9/04",93.023,43,3,0,297,339,132,174,3.56e-14,63.9,"F38L_E05_039_blast.txt"
"F38L_E05_039","Mycobacterium marinum ITS1, isolate 2B",93.023,43,3,0,297,339,132,174,3.56e-14,63.9,"F38L_E05_039_blast.txt"
"F38L_E05_039","Mycobacterium fortuitum ITS1, strain 276/3/01",88.889,45,2,3,299,343,200,241,7.71e-11,52.8,"F38L_E05_039_blast.txt"
"F38L_E05_039","Mycobacterium fortuitum ITS1, strain 277/2/01",88.889,45,2,3,299,343,173,214,7.71e-11,52.8,"F38L_E05_039_blast.txt"
"F38L_E05_039","Mycobacterium fortuitum ITS1, strain S7",88.889,45,2,3,299,343,173,214,7.71e-11,52.8,"F38L_E05_039_blast.txt"
"F38O_H05_033","Mycobacterium marinum ITS1, isolate 131/03",92.414,145,7,3,35,179,36,176,1.91e-56,204,"F38O_H05_033_blast.txt"
"F38O_H05_033","Mycobacterium marinum ITS1, isolate 131/03",93.023,43,3,0,280,322,132,174,3.38e-14,63.9,"F38O_H05_033_blast.txt"
"F38O_H05_033","Mycobacterium marinum ITS1, isolate 9/04",92.414,145,7,3,35,179,36,176,1.91e-56,204,"F38O_H05_033_blast.txt"
"F38O_H05_033","Mycobacterium marinum ITS1, isolate 9/04",93.023,43,3,0,280,322,132,174,3.38e-14,63.9,"F38O_H05_033_blast.txt"
"F38O_H05_033","Mycobacterium marinum ITS1, isolate 2B",92.414,145,7,3,35,179,36,176,1.91e-56,204,"F38O_H05_033_blast.txt"
"F38O_H05_033","Mycobacterium marinum ITS1, isolate 2B",93.023,43,3,0,280,322,132,174,3.38e-14,63.9,"F38O_H05_033_blast.txt"
"F38O_H05_033","Mycobacterium fortuitum ITS1, strain 276/3/01",88.889,45,2,3,282,326,200,241,7.32e-11,52.8,"F38O_H05_033_blast.txt"
"F38O_H05_033","Mycobacterium fortuitum ITS1, strain 277/2/01",88.889,45,2,3,282,326,173,214,7.32e-11,52.8,"F38O_H05_033_blast.txt"
"F38O_H05_033","Mycobacterium fortuitum ITS1, strain S7",88.889,45,2,3,282,326,173,214,7.32e-11,52.8,"F38O_H05_033_blast.txt"
"F41G_B07_061","Mycobacterium marinum ITS1, isolate 131/03",93.023,43,3,0,275,317,132,174,3.34e-14,63.9,"F41G_B07_061_blast.txt"
"F41G_B07_061","Mycobacterium marinum ITS1, isolate 9/04",93.023,43,3,0,275,317,132,174,3.34e-14,63.9,"F41G_B07_061_blast.txt"
"F41G_B07_061","Mycobacterium marinum ITS1, isolate 2B",93.023,43,3,0,275,317,132,174,3.34e-14,63.9,"F41G_B07_061_blast.txt"
"F41G_B07_061","Mycobacterium fortuitum ITS1, strain 276/3/01",88.889,45,2,3,277,321,200,241,7.23e-11,52.8,"F41G_B07_061_blast.txt"
"F41G_B07_061","Mycobacterium fortuitum ITS1, strain 277/2/01",88.889,45,2,3,277,321,173,214,7.23e-11,52.8,"F41G_B07_061_blast.txt"
"F41G_B07_061","Mycobacterium fortuitum ITS1, strain S7",88.889,45,2,3,277,321,173,214,7.23e-11,52.8,"F41G_B07_061_blast.txt"
"F45G_F07_053","Mycobacterium marinum ITS1, isolate 131/03",92.806,139,8,2,43,181,42,178,6.89e-56,202,"F45G_F07_053_blast.txt"
"F45G_F07_053","Mycobacterium marinum ITS1, isolate 131/03",93.023,43,3,0,281,323,132,174,3.39e-14,63.9,"F45G_F07_053_blast.txt"
"F45G_F07_053","Mycobacterium marinum ITS1, isolate 9/04",92.806,139,8,2,43,181,42,178,6.89e-56,202,"F45G_F07_053_blast.txt"
"F45G_F07_053","Mycobacterium marinum ITS1, isolate 9/04",93.023,43,3,0,281,323,132,174,3.39e-14,63.9,"F45G_F07_053_blast.txt"
"F45G_F07_053","Mycobacterium marinum ITS1, isolate 2B",92.806,139,8,2,43,181,42,178,6.89e-56,202,"F45G_F07_053_blast.txt"
"F45G_F07_053","Mycobacterium marinum ITS1, isolate 2B",93.023,43,3,0,281,323,132,174,3.39e-14,63.9,"F45G_F07_053_blast.txt"
"F45G_F07_053","Mycobacterium fortuitum ITS1, strain 276/3/01",88.889,45,2,3,283,327,200,241,7.34e-11,52.8,"F45G_F07_053_blast.txt"
"F45G_F07_053","Mycobacterium fortuitum ITS1, strain 277/2/01",88.889,45,2,3,283,327,173,214,7.34e-11,52.8,"F45G_F07_053_blast.txt"
"F45G_F07_053","Mycobacterium fortuitum ITS1, strain S7",88.889,45,2,3,283,327,173,214,7.34e-11,52.8,"F45G_F07_053_blast.txt"
"F45O_H07_049","Mycobacterium marinum ITS1, isolate 131/03",98.718,156,1,1,20,175,24,178,2.24e-78,276,"F45O_H07_049_blast.txt"
"F45O_H07_049","Mycobacterium marinum ITS1, isolate 9/04",98.718,156,1,1,20,175,24,178,2.24e-78,276,"F45O_H07_049_blast.txt"
"F45O_H07_049","Mycobacterium marinum ITS1, isolate 2B",98.718,156,1,1,20,175,24,178,2.24e-78,276,"F45O_H07_049_blast.txt"
"F5G_F08_054","Mycobacterium marinum ITS1, isolate 131/03",97.468,158,1,3,20,177,24,178,2.37e-75,267,"F5G_F08_054_blast.txt"
"F5G_F08_054","Mycobacterium marinum ITS1, isolate 131/03",93.023,43,3,0,276,318,132,174,3.34e-14,63.9,"F5G_F08_054_blast.txt"
"F5G_F08_054","Mycobacterium marinum ITS1, isolate 9/04",97.468,158,1,3,20,177,24,178,2.37e-75,267,"F5G_F08_054_blast.txt"
"F5G_F08_054","Mycobacterium marinum ITS1, isolate 9/04",93.023,43,3,0,276,318,132,174,3.34e-14,63.9,"F5G_F08_054_blast.txt"
"F5G_F08_054","Mycobacterium marinum ITS1, isolate 2B",97.468,158,1,3,20,177,24,178,2.37e-75,267,"F5G_F08_054_blast.txt"
"F5G_F08_054","Mycobacterium marinum ITS1, isolate 2B",93.023,43,3,0,276,318,132,174,3.34e-14,63.9,"F5G_F08_054_blast.txt"
"F5G_F08_054","Mycobacterium fortuitum ITS1, strain 276/3/01",88.889,45,2,3,278,322,200,241,7.23e-11,52.8,"F5G_F08_054_blast.txt"
"F5G_F08_054","Mycobacterium fortuitum ITS1, strain 277/2/01",88.889,45,2,3,278,322,173,214,7.23e-11,52.8,"F5G_F08_054_blast.txt"
"F5G_F08_054","Mycobacterium fortuitum ITS1, strain S7",88.889,45,2,3,278,322,173,214,7.23e-11,52.8,"F5G_F08_054_blast.txt"
"F5GI_G08_052","Mycobacterium marinum ITS1, isolate 131/03",93.023,43,3,0,285,327,132,174,3.43e-14,63.9,"F5GI_G08_052_blast.txt"
"F5GI_G08_052","Mycobacterium marinum ITS1, isolate 9/04",93.023,43,3,0,285,327,132,174,3.43e-14,63.9,"F5GI_G08_052_blast.txt"
"F5GI_G08_052","Mycobacterium marinum ITS1, isolate 2B",93.023,43,3,0,285,327,132,174,3.43e-14,63.9,"F5GI_G08_052_blast.txt"
"F5GI_G08_052","Mycobacterium fortuitum ITS1, strain 276/3/01",88.889,45,2,3,287,331,200,241,7.43e-11,52.8,"F5GI_G08_052_blast.txt"
"F5GI_G08_052","Mycobacterium fortuitum ITS1, strain 277/2/01",88.889,45,2,3,287,331,173,214,7.43e-11,52.8,"F5GI_G08_052_blast.txt"
"F5GI_G08_052","Mycobacterium fortuitum ITS1, strain S7",88.889,45,2,3,287,331,173,214,7.43e-11,52.8,"F5GI_G08_052_blast.txt"
"F5L_E08_056","Mycobacterium marinum ITS1, isolate 131/03",93.023,43,3,0,275,317,132,174,3.34e-14,63.9,"F5L_E08_056_blast.txt"
"F5L_E08_056","Mycobacterium marinum ITS1, isolate 9/04",93.023,43,3,0,275,317,132,174,3.34e-14,63.9,"F5L_E08_056_blast.txt"
"F5L_E08_056","Mycobacterium marinum ITS1, isolate 2B",93.023,43,3,0,275,317,132,174,3.34e-14,63.9,"F5L_E08_056_blast.txt"
"F5L_E08_056","Mycobacterium fortuitum ITS1, strain 276/3/01",88.889,45,2,3,277,321,200,241,7.23e-11,52.8,"F5L_E08_056_blast.txt"
"F5L_E08_056","Mycobacterium fortuitum ITS1, strain 277/2/01",88.889,45,2,3,277,321,173,214,7.23e-11,52.8,"F5L_E08_056_blast.txt"
"F5L_E08_056","Mycobacterium fortuitum ITS1, strain S7",88.889,45,2,3,277,321,173,214,7.23e-11,52.8,"F5L_E08_056_blast.txt"
"F5O_H08_050","Mycobacterium marinum ITS1, isolate 131/03",93.023,43,3,0,284,326,132,174,3.42e-14,63.9,"F5O_H08_050_blast.txt"
"F5O_H08_050","Mycobacterium marinum ITS1, isolate 9/04",93.023,43,3,0,284,326,132,174,3.42e-14,63.9,"F5O_H08_050_blast.txt"
"F5O_H08_050","Mycobacterium marinum ITS1, isolate 2B",93.023,43,3,0,284,326,132,174,3.42e-14,63.9,"F5O_H08_050_blast.txt"
"F5O_H08_050","Mycobacterium fortuitum ITS1, strain 276/3/01",88.889,45,2,3,286,330,200,241,7.41e-11,52.8,"F5O_H08_050_blast.txt"
"F5O_H08_050","Mycobacterium fortuitum ITS1, strain 277/2/01",88.889,45,2,3,286,330,173,214,7.41e-11,52.8,"F5O_H08_050_blast.txt"
"F5O_H08_050","Mycobacterium fortuitum ITS1, strain S7",88.889,45,2,3,286,330,173,214,7.41e-11,52.8,"F5O_H08_050_blast.txt"
"F6G_B09_077","Mycobacterium marinum ITS1, isolate 131/03",93.023,43,3,0,276,318,132,174,3.34e-14,63.9,"F6G_B09_077_blast.txt"
"F6G_B09_077","Mycobacterium marinum ITS1, isolate 9/04",93.023,43,3,0,276,318,132,174,3.34e-14,63.9,"F6G_B09_077_blast.txt"
"F6G_B09_077","Mycobacterium marinum ITS1, isolate 2B",93.023,43,3,0,276,318,132,174,3.34e-14,63.9,"F6G_B09_077_blast.txt"
"F6G_B09_077","Mycobacterium fortuitum ITS1, strain 276/3/01",88.889,45,2,3,278,322,200,241,7.23e-11,52.8,"F6G_B09_077_blast.txt"
"F6G_B09_077","Mycobacterium fortuitum ITS1, strain 277/2/01",88.889,45,2,3,278,322,173,214,7.23e-11,52.8,"F6G_B09_077_blast.txt"
"F6G_B09_077","Mycobacterium fortuitum ITS1, strain S7",88.889,45,2,3,278,322,173,214,7.23e-11,52.8,"F6G_B09_077_blast.txt"
"F6L_A09_079","Mycobacterium marinum ITS1, isolate 131/03",100,154,0,0,20,173,25,178,6.51e-81,285,"F6L_A09_079_blast.txt"
"F6L_A09_079","Mycobacterium marinum ITS1, isolate 131/03",93.023,43,3,0,273,315,132,174,3.32e-14,63.9,"F6L_A09_079_blast.txt"
"F6L_A09_079","Mycobacterium marinum ITS1, isolate 9/04",100,154,0,0,20,173,25,178,6.51e-81,285,"F6L_A09_079_blast.txt"
"F6L_A09_079","Mycobacterium marinum ITS1, isolate 9/04",93.023,43,3,0,273,315,132,174,3.32e-14,63.9,"F6L_A09_079_blast.txt"
"F6L_A09_079","Mycobacterium marinum ITS1, isolate 2B",100,154,0,0,20,173,25,178,6.51e-81,285,"F6L_A09_079_blast.txt"
"F6L_A09_079","Mycobacterium marinum ITS1, isolate 2B",93.023,43,3,0,273,315,132,174,3.32e-14,63.9,"F6L_A09_079_blast.txt"
"F6L_A09_079","Mycobacterium fortuitum ITS1, strain 276/3/01",88.889,45,2,3,275,319,200,241,7.19e-11,52.8,"F6L_A09_079_blast.txt"
"F6L_A09_079","Mycobacterium fortuitum ITS1, strain 277/2/01",88.889,45,2,3,275,319,173,214,7.19e-11,52.8,"F6L_A09_079_blast.txt"
"F6L_A09_079","Mycobacterium fortuitum ITS1, strain S7",88.889,45,2,3,275,319,173,214,7.19e-11,52.8,"F6L_A09_079_blast.txt"
"M2G_B05_045","Mycobacterium marinum ITS1, isolate 131/03",93.023,43,3,0,266,308,132,174,3.24e-14,63.9,"M2G_B05_045_blast.txt"
"M2G_B05_045","Mycobacterium marinum ITS1, isolate 9/04",93.023,43,3,0,266,308,132,174,3.24e-14,63.9,"M2G_B05_045_blast.txt"
"M2G_B05_045","Mycobacterium marinum ITS1, isolate 2B",93.023,43,3,0,266,308,132,174,3.24e-14,63.9,"M2G_B05_045_blast.txt"
"M2G_B05_045","Mycobacterium fortuitum ITS1, strain 276/3/01",88.889,45,2,3,268,312,200,241,7.02e-11,52.8,"M2G_B05_045_blast.txt"
"M2G_B05_045","Mycobacterium fortuitum ITS1, strain 277/2/01",88.889,45,2,3,268,312,173,214,7.02e-11,52.8,"M2G_B05_045_blast.txt"
"M2G_B05_045","Mycobacterium fortuitum ITS1, strain S7",88.889,45,2,3,268,312,173,214,7.02e-11,52.8,"M2G_B05_045_blast.txt"
"M2GI_C05_043","Mycobacterium marinum ITS1, isolate 131/03",93.023,43,3,0,269,311,132,174,3.28e-14,63.9,"M2GI_C05_043_blast.txt"
"M2GI_C05_043","Mycobacterium marinum ITS1, isolate 9/04",93.023,43,3,0,269,311,132,174,3.28e-14,63.9,"M2GI_C05_043_blast.txt"
"M2GI_C05_043","Mycobacterium marinum ITS1, isolate 2B",93.023,43,3,0,269,311,132,174,3.28e-14,63.9,"M2GI_C05_043_blast.txt"
"M2GI_C05_043","Mycobacterium fortuitum ITS1, strain 276/3/01",88.889,45,2,3,271,315,200,241,7.1e-11,52.8,"M2GI_C05_043_blast.txt"
"M2GI_C05_043","Mycobacterium fortuitum ITS1, strain 277/2/01",88.889,45,2,3,271,315,173,214,7.1e-11,52.8,"M2GI_C05_043_blast.txt"
"M2GI_C05_043","Mycobacterium fortuitum ITS1, strain S7",88.889,45,2,3,271,315,173,214,7.1e-11,52.8,"M2GI_C05_043_blast.txt"
"M2L_A05_047","Mycobacterium chelonae ITS1, isolate T5-2",96.465,198,2,5,15,212,23,215,3.4e-92,322,"M2L_A05_047_blast.txt"
"M2L_A05_047","Mycobacterium chelonae ITS1, isolate 29/02",96.465,198,2,5,15,212,23,215,3.4e-92,322,"M2L_A05_047_blast.txt"
"M2L_A05_047","Mycobacterium chelonae ITS1, isolate T14",95.96,198,3,5,15,212,23,215,1.58e-90,316,"M2L_A05_047_blast.txt"
"M3G_A06_048","Mycobacterium marinum ITS1, isolate 131/03",97.59,166,3,1,5,170,14,178,1.31e-80,283,"M3G_A06_048_blast.txt"
"M3G_A06_048","Mycobacterium marinum ITS1, isolate 9/04",97.59,166,3,1,5,170,14,178,1.31e-80,283,"M3G_A06_048_blast.txt"
"M3G_A06_048","Mycobacterium marinum ITS1, isolate 2B",97.59,166,3,1,5,170,14,178,1.31e-80,283,"M3G_A06_048_blast.txt"
"M3GI_B06_046","Mycobacterium marinum ITS1, isolate 131/03",98.089,157,1,2,22,178,24,178,5.13e-77,272,"M3GI_B06_046_blast.txt"
"M3GI_B06_046","Mycobacterium marinum ITS1, isolate 131/03",93.023,43,3,0,277,319,132,174,3.36e-14,63.9,"M3GI_B06_046_blast.txt"
"M3GI_B06_046","Mycobacterium marinum ITS1, isolate 9/04",98.089,157,1,2,22,178,24,178,5.13e-77,272,"M3GI_B06_046_blast.txt"
"M3GI_B06_046","Mycobacterium marinum ITS1, isolate 9/04",93.023,43,3,0,277,319,132,174,3.36e-14,63.9,"M3GI_B06_046_blast.txt"
"M3GI_B06_046","Mycobacterium marinum ITS1, isolate 2B",98.089,157,1,2,22,178,24,178,5.13e-77,272,"M3GI_B06_046_blast.txt"
"M3GI_B06_046","Mycobacterium marinum ITS1, isolate 2B",93.023,43,3,0,277,319,132,174,3.36e-14,63.9,"M3GI_B06_046_blast.txt"
"M3GI_B06_046","Mycobacterium fortuitum ITS1, strain 276/3/01",88.889,45,2,3,279,323,200,241,7.28e-11,52.8,"M3GI_B06_046_blast.txt"
"M3GI_B06_046","Mycobacterium fortuitum ITS1, strain 277/2/01",88.889,45,2,3,279,323,173,214,7.28e-11,52.8,"M3GI_B06_046_blast.txt"
"M3GI_B06_046","Mycobacterium fortuitum ITS1, strain S7",88.889,45,2,3,279,323,173,214,7.28e-11,52.8,"M3GI_B06_046_blast.txt"
"M3L_D05_041","Mycobacterium marinum ITS1, isolate 131/03",100,154,0,0,19,172,25,178,3.69e-81,285,"M3L_D05_041_blast.txt"
"M3L_D05_041","Mycobacterium marinum ITS1, isolate 9/04",100,154,0,0,19,172,25,178,3.69e-81,285,"M3L_D05_041_blast.txt"
"M3L_D05_041","Mycobacterium marinum ITS1, isolate 2B",100,154,0,0,19,172,25,178,3.69e-81,285,"M3L_D05_041_blast.txt"
"M4G_D06_042","Mycobacterium marinum ITS1, isolate 131/03",93.023,43,3,0,269,311,132,174,3.27e-14,63.9,"M4G_D06_042_blast.txt"
"M4G_D06_042","Mycobacterium marinum ITS1, isolate 9/04",93.023,43,3,0,269,311,132,174,3.27e-14,63.9,"M4G_D06_042_blast.txt"
"M4G_D06_042","Mycobacterium marinum ITS1, isolate 2B",93.023,43,3,0,269,311,132,174,3.27e-14,63.9,"M4G_D06_042_blast.txt"
"M4G_D06_042","Mycobacterium fortuitum ITS1, strain 276/3/01",88.889,45,2,3,271,315,200,241,7.08e-11,52.8,"M4G_D06_042_blast.txt"
"M4G_D06_042","Mycobacterium fortuitum ITS1, strain 277/2/01",88.889,45,2,3,271,315,173,214,7.08e-11,52.8,"M4G_D06_042_blast.txt"
"M4G_D06_042","Mycobacterium fortuitum ITS1, strain S7",88.889,45,2,3,271,315,173,214,7.08e-11,52.8,"M4G_D06_042_blast.txt"
"M4GI_E06_040","Mycobacterium marinum ITS1, isolate 131/03",88.312,154,15,3,21,171,25,178,8.15e-50,182,"M4GI_E06_040_blast.txt"
"M4GI_E06_040","Mycobacterium marinum ITS1, isolate 131/03",93.023,43,3,0,271,313,132,174,3.08e-14,63.9,"M4GI_E06_040_blast.txt"
"M4GI_E06_040","Mycobacterium marinum ITS1, isolate 9/04",88.312,154,15,3,21,171,25,178,8.15e-50,182,"M4GI_E06_040_blast.txt"
"M4GI_E06_040","Mycobacterium marinum ITS1, isolate 9/04",93.023,43,3,0,271,313,132,174,3.08e-14,63.9,"M4GI_E06_040_blast.txt"
"M4GI_E06_040","Mycobacterium marinum ITS1, isolate 2B",88.312,154,15,3,21,171,25,178,8.15e-50,182,"M4GI_E06_040_blast.txt"
"M4GI_E06_040","Mycobacterium marinum ITS1, isolate 2B",93.023,43,3,0,271,313,132,174,3.08e-14,63.9,"M4GI_E06_040_blast.txt"
"M4GI_E06_040","Mycobacterium fortuitum ITS1, strain 276/3/01",88.889,45,2,3,273,317,200,241,6.67e-11,52.8,"M4GI_E06_040_blast.txt"
"M4GI_E06_040","Mycobacterium fortuitum ITS1, strain 277/2/01",88.889,45,2,3,273,317,173,214,6.67e-11,52.8,"M4GI_E06_040_blast.txt"
"M4GI_E06_040","Mycobacterium fortuitum ITS1, strain S7",88.889,45,2,3,273,317,173,214,6.67e-11,52.8,"M4GI_E06_040_blast.txt"
"M4L_C06_044","Mycobacterium marinum ITS1, isolate 131/03",98.726,157,1,1,18,174,23,178,6.21e-79,278,"M4L_C06_044_blast.txt"
"M4L_C06_044","Mycobacterium marinum ITS1, isolate 9/04",98.726,157,1,1,18,174,23,178,6.21e-79,278,"M4L_C06_044_blast.txt"
"M4L_C06_044","Mycobacterium marinum ITS1, isolate 2B",98.726,157,1,1,18,174,23,178,6.21e-79,278,"M4L_C06_044_blast.txt"
"M6GI_H06_034","Mycobacterium marinum ITS1, isolate 131/03",99.359,156,1,0,23,178,23,178,1.35e-80,283,"M6GI_H06_034_blast.txt"
"M6GI_H06_034","Mycobacterium marinum ITS1, isolate 9/04",99.359,156,1,0,23,178,23,178,1.35e-80,283,"M6GI_H06_034_blast.txt"
"M6GI_H06_034","Mycobacterium marinum ITS1, isolate 2B",99.359,156,1,0,23,178,23,178,1.35e-80,283,"M6GI_H06_034_blast.txt"
"M6L_F06_038","Mycobacterium marinum ITS1, isolate 131/03",93.023,43,3,0,268,310,132,174,3.26e-14,63.9,"M6L_F06_038_blast.txt"
"M6L_F06_038","Mycobacterium marinum ITS1, isolate 9/04",93.023,43,3,0,268,310,132,174,3.26e-14,63.9,"M6L_F06_038_blast.txt"
"M6L_F06_038","Mycobacterium marinum ITS1, isolate 2B",93.023,43,3,0,268,310,132,174,3.26e-14,63.9,"M6L_F06_038_blast.txt"
"M6L_F06_038","Mycobacterium fortuitum ITS1, strain 276/3/01",88.889,45,2,3,270,314,200,241,7.06e-11,52.8,"M6L_F06_038_blast.txt"
"M6L_F06_038","Mycobacterium fortuitum ITS1, strain 277/2/01",88.889,45,2,3,270,314,173,214,7.06e-11,52.8,"M6L_F06_038_blast.txt"
"M6L_F06_038","Mycobacterium fortuitum ITS1, strain S7",88.889,45,2,3,270,314,173,214,7.06e-11,52.8,"M6L_F06_038_blast.txt"
